{
    "loss": 0.9200284481048584,
    "accuracy": 0.5602836608886719
}