{
    "loss": 0.5269496440887451,
    "accuracy": 0.8439716100692749
}